{"cameraMode":{"drawMode":0,"name":"Shaded","section":"Shading Mode"},"sceneLighting":false,"audioPlay":false,"sceneViewState":{"showFog":true,"showMaterialUpdate":false,"showSkybox":true,"showFlares":true,"showImageEffects":true,"showParticleSystems":true},"in2DMode":false,"pivot":{"x":0.39994725584983828,"y":0.8497556447982788,"z":0.01097920536994934},"rotation":{"x":-0.426287442445755,"y":0.5644513368606567,"z":-0.4273262619972229,"w":-0.5630861520767212},"size":5.672367095947266,"orthographic":false}