{"cameraMode":{"drawMode":0,"name":"Shaded","section":"Shading Mode"},"sceneLighting":false,"audioPlay":false,"sceneViewState":{"showFog":true,"showMaterialUpdate":false,"showSkybox":true,"showFlares":true,"showImageEffects":true,"showParticleSystems":true},"in2DMode":false,"pivot":{"x":0.25344911217689516,"y":0.7771304249763489,"z":-0.06938239932060242},"rotation":{"x":-0.426287442445755,"y":0.5644513368606567,"z":-0.4273262619972229,"w":-0.5630861520767212},"size":4.918649196624756,"orthographic":false}